Country,2010,2011,2012,2013,2014,2015,2016,2017,2018,2019,2020,2021
Canada,47561.98439583202,52223.79424547854,52669.19131876267,52635.24844572666,50956.001753512915,43596.16869303755,42315.47238541495,45129.548486155625,46548.66018919585,46328.80360562673,43258.17428641706,52051.30937767576
Mexico,9271.387040257461,10203.424735703562,10241.72793876257,10725.157627686425,10928.906175396569,9616.665185847776,8744.51027568133,9287.825257611306,9686.99916607221,9950.18409839398,8431.68221188917,9926.439147129537
US,48650.758074599355,50065.87624585913,51784.50704784465,53291.15618689894,55123.91205716625,56762.66478531138,57866.71137500089,59914.71610938767,62805.38830162872,65094.88337788054,63027.54730090171,69287.53658795227
Russia,10675.013504425511,14311.115035727109,15420.904054637724,15974.622003617314,14318.208649447088,9462.245779523178,8845.564619520625,10894.363505324503,11471.169433650037,11724.630139132263,10330.308691337668,12379.566228587944
Iraq,4657.289594434156,6045.5054880659445,6836.05888890854,7076.562063205783,6637.694365988977,4688.314934310207,4550.645287958973,4985.461932001908,5915.838649948103,5943.455967163803,4583.752532755109,5048.379708558302
Saudi Arabia,19262.535470384006,23745.88623416831,25243.607370917267,24845.12042403219,24464.20132250623,20627.929990835393,19878.77797063647,20802.458933265316,24228.848696265413,23450.554297209546,20203.67343851805,23585.878936115547
UAE,33893.224302508606,39194.66873996426,40976.533862022814,42412.687754650295,43751.79478764366,38663.39425596487,38141.86022289345,40644.84317089774,43839.31996021998,42701.48812868417,36284.57898568309,38033.91484186449
Australasia,49051.85075684783,58606.4808204034,63471.54263212162,64099.830291580096,59617.101715457306,53775.64674123262,48279.801489063815,52132.58606188718,54896.335369789296,52904.52825009239,50013.04758817452,58086.331554395176
China,4550.4502113694725,5614.352042883643,6300.615127862412,7020.341245855462,7636.129051069351,8016.465438522749,8094.380273672529,8816.980192878604,9905.329493284667,10143.811556780525,10408.688257387854,12556.359568381999
India,1357.5675058730521,1458.1041239653196,1443.8841261010266,1449.6087944465855,1573.8876128853915,1605.607113221986,1732.5557670162468,1980.664818867378,1998.2592840475327,2072.243270820026,1933.1025531487714,2277.4360757283825
Japan,44968.142422112905,48760.10106936393,49145.25695570756,40898.662167994036,38475.36063358371,34960.63425645543,39375.4918316598,38834.07365403396,39727.15300723123,40458.01647279935,39918.18534622726,39285.148144167775
Singapore,47236.88388514501,53890.39618125165,55546.446950806196,56967.35900867579,57562.50223960112,55646.592358954884,56860.3368155308,61150.66444794987,66859.31236339879,65831.23654680078,60729.46197435122,72794.02137977243
Kuwait,38577.3646304469,48631.746807346084,51979.00653716557,49388.01298327861,44062.22915090171,29869.475032250597,27653.226218149633,29759.36009498775,33398.96367546674,32373.30811867717,24811.716862624435,42970.47997333058
